<?xml version="1.0" encoding="UTF-8"?>
<GenRun Id="system_myip_v1_0_0_1_synth_1" LaunchPart="xc7z020clg484-1" LaunchTime="1533869772">
  <File Type="PA-TCL" Name="system_myip_v1_0_0_1.tcl"/>
  <File Type="RDS-PROPCONSTRS" Name="system_myip_v1_0_0_1_drc_synth.rpt"/>
  <File Type="RDS-RDS" Name="system_myip_v1_0_0_1.vds"/>
  <File Type="RDS-UTIL" Name="system_myip_v1_0_0_1_utilization_synth.rpt"/>
  <File Type="RDS-UTIL-PB" Name="system_myip_v1_0_0_1_utilization_synth.pb"/>
  <File Type="RDS-DCP" Name="system_myip_v1_0_0_1.dcp"/>
  <File Type="VDS-TIMINGSUMMARY" Name="system_myip_v1_0_0_1_timing_summary_synth.rpt"/>
  <File Type="VDS-TIMING-PB" Name="system_myip_v1_0_0_1_timing_summary_synth.pb"/>
  <FileSet Name="sources" Type="BlockSrcs" RelSrcDir="$PSRCDIR/system_myip_v1_0_0_1">
    <File Path="$PSRCDIR/sources_1/bd/system/ip/system_myip_v1_0_0_1/system_myip_v1_0_0_1.xci">
      <FileInfo>
        <Attr Name="Library" Val="xil_defaultlib"/>
        <Attr Name="UsedIn" Val="synthesis"/>
        <Attr Name="UsedIn" Val="implementation"/>
        <Attr Name="UsedIn" Val="simulation"/>
        <Attr Name="ProcessingOrder" Val="EARLY"/>
      </FileInfo>
    </File>
    <Config>
      <Option Name="TopModule" Val="system_myip_v1_0_0_1"/>
      <Option Name="UseBlackboxStub" Val="1"/>
    </Config>
  </FileSet>
  <FileSet Name="constrs_in" Type="BlockSrcs" RelSrcDir="$PSRCDIR/system_myip_v1_0_0_1">
    <File Path="$PSRCDIR/sources_1/bd/system/ip/system_myip_v1_0_0_1/system_myip_v1_0_0_1.xci">
      <FileInfo>
        <Attr Name="Library" Val="xil_defaultlib"/>
        <Attr Name="UsedIn" Val="synthesis"/>
        <Attr Name="UsedIn" Val="implementation"/>
        <Attr Name="UsedIn" Val="simulation"/>
        <Attr Name="ProcessingOrder" Val="EARLY"/>
      </FileInfo>
    </File>
    <Config>
      <Option Name="TopModule" Val="system_myip_v1_0_0_1"/>
      <Option Name="UseBlackboxStub" Val="1"/>
    </Config>
  </FileSet>
  <Strategy Version="1" Minor="2">
    <StratHandle Name="Vivado Synthesis Defaults" Flow="Vivado Synthesis 2016"/>
    <Step Id="synth_design"/>
  </Strategy>
</GenRun>
