<?xml version="1.0"?>
<Runs Version="1" Minor="0">
	<Run Id="system_count_top_0_0_synth_1" LaunchDir="F:/zedboard/ps_pl/hw_proj/project/project.runs/system_count_top_0_0_synth_1" FlowId="Vivado_Synthesis" FromStepId="vivado" ToStepId="vivado"/>
	<Run Id="synth_1" LaunchDir="F:/zedboard/ps_pl/hw_proj/project/project.runs/synth_1" FlowId="Vivado_Synthesis" FromStepId="vivado" ToStepId="vivado">
		<Parent Id="system_count_top_0_0_synth_1"/>
	</Run>
	<Run Id="impl_1" LaunchDir="F:/zedboard/ps_pl/hw_proj/project/project.runs/impl_1" FlowId="Vivado_Implementation" FromStepId="init_design" ToStepId="write_bitstream">
		<Parent Id="synth_1"/>
		<Parent Id="system_count_top_0_0_synth_1"/>
	</Run>
</Runs>

